{
  "India": {
    "Gini Index": [
      { "year": 1990, "value": 32 },
      { "year": 2000, "value": 35 },
      { "year": 2010, "value": 38 },
      { "year": 2020, "value": 41 }
    ],
    "GDP per Capita": [
      { "year": 1990, "value": 1200 },
      { "year": 2000, "value": 1800 },
      { "year": 2010, "value": 3200 },
      { "year": 2020, "value": 5200 }
    ]
  },

  "China": {
    "Gini Index": [
      { "year": 1990, "value": 28 },
      { "year": 2000, "value": 34 },
      { "year": 2010, "value": 42 },
      { "year": 2020, "value": 47 }
    ],
    "GDP per Capita": [
      { "year": 1990, "value": 900 },
      { "year": 2000, "value": 2300 },
      { "year": 2010, "value": 7000 },
      { "year": 2020, "value": 10500 }
    ]
  }
}
